Time,Temp,Solar,Wind
00:00:00,-142.5953,9600,4.354906
00:01:00,-142.5981,9600,257.802553
00:02:00,-142.6047,9600,28.508035
00:03:00,-142.613,9600,34.62416
00:04:00,-142.6261,9600,206.482222
00:05:00,-142.6402,9600,20.368238
00:06:00,-142.6595,9600,134.791148
00:07:00,-142.6792,9600,238.107779
00:08:00,-142.7049,9600,112.348663
00:09:00,-142.7303,9600,179.600914
00:10:00,-142.7629,9600,101.002573
00:11:00,-142.7933,9600,65.869712
00:12:00,-142.8324,9600,48.371559
00:13:00,-142.869,9600,20.288944
00:14:00,-142.914,9600,0.72658
00:15:00,-142.9561,9600,19.294241
00:16:00,-143.0083,9600,125.705295
00:17:00,-143.0553,9600,33.463246
00:18:00,-143.114,9600,28.095774
00:19:00,-143.1674,9600,172.77404
00:20:00,-143.2316,9600,214.076715
00:21:00,-143.2907,9600,71.983322
00:22:00,-143.3624,9600,271.032287
00:23:00,-143.4259,9600,65.980445
00:24:00,-143.5042,9600,54.03367
00:25:00,-143.5745,9600,51.01463
00:26:00,-143.658,9600,37.469227
00:27:00,-143.7339,9600,46.788114
00:28:00,-143.8252,9600,1.182134
00:29:00,-143.9186,9600,73.182347
00:30:00,-144.0032,9600,83.439761
00:31:00,-144.1046,9600,243.833344
00:32:00,-144.1932,9600,99.922677
00:33:00,-144.3011,9600,39.097257
00:34:00,-144.397,9600,110.717078
00:35:00,-144.5097,9600,56.001655
00:36:00,-144.6112,9600,64.19479
00:37:00,-144.7305,9600,236.087827
00:38:00,-144.8376,9600,27.001585
00:39:00,-144.9653,9600,105.767452
00:40:00,-145.0762,9600,72.351854
00:41:00,-145.2105,9600,188.113103
00:42:00,-145.3269,9600,18.712173
00:43:00,-145.4679,9600,51.784218
00:44:00,-145.59,9600,0.484003
00:45:00,-145.7376,9600,0.779818
00:46:00,-145.8676,9600,24.5325
00:47:00,-146.0196,9600,83.961699
00:48:00,-146.1554,9600,30.15736
00:49:00,-146.3165,9600,41.030608
00:50:00,-146.4557,9600,134.631858
00:51:00,-146.6236,9600,16.965058
00:52:00,-146.7712,9600,187.299935
00:53:00,-146.9433,9600,11.029811
00:54:00,-147.0968,9600,33.339855
00:55:00,-147.2757,9600,113.052993
00:56:00,-147.4352,9600,67.656103
00:57:00,-147.6239,9504,34.991791
00:58:00,-147.7865,9408,21.909482
00:59:00,-147.9822,9408,93.506361
01:00:00,-148.1508,9312,265.653751
01:01:00,-148.3536,9120,12.329939
01:02:00,-148.5282,9024,33.874063
01:03:00,-148.7382,9024,0.213759
01:04:00,-148.9223,8928,194.777808
01:05:00,-149.1363,8832,62.621476
01:06:00,-149.3267,8640,29.531359
01:07:00,-149.548,8352,88.756526
01:08:00,-149.7448,8352,47.519439
01:09:00,-149.977,8352,76.703626
01:10:00,-150.1766,7680,30.44049
01:11:00,-150.4163,7296,70.155062
01:12:00,-150.6224,6912,71.226177
01:13:00,-150.8698,6240,45.670377
01:14:00,-151.1212,5760,23.406939
01:15:00,-151.3373,4992,96.580288
01:16:00,-151.5965,3936,26.789481
01:17:00,-151.819,2688,24.717816
01:18:00,-152.0858,960,171.40343
01:19:00,-152.3149,0,227.757096
01:20:00,-152.5893,0,3.225914
01:21:00,-152.829,0,37.889344
01:22:00,-153.1067,0,206.706705
01:23:00,-153.3528,0,188.356273
01:24:00,-153.642,0,7.678983
01:25:00,-153.8898,0,276.324899
01:26:00,-154.1859,0,1.74837
01:27:00,-154.4393,0,1.160204
01:28:00,-154.7418,0,50.880969
01:29:00,-155.0002,0,166.607697
01:30:00,-155.3083,0,83.467405
01:31:00,-155.571,0,53.764727
01:32:00,-155.8835,0,7.170077
01:33:00,-155.9237,0,169.972065
01:34:00,-156.2353,0,59.556986
01:35:00,-156.5091,0,125.859359
01:36:00,-156.8278,0,9.572853
01:37:00,-157.1418,0,194.766155
01:38:00,-157.4164,0,106.927703
01:39:00,-157.7291,0,32.37772
01:40:00,-158.0011,0,28.769717
01:41:00,-158.3093,0,53.535222
01:42:00,-158.5758,0,86.616753
01:43:00,-158.8756,0,74.189695
01:44:00,-159.1329,0,155.343991
01:45:00,-159.4243,0,55.456066
01:46:00,-159.6636,0,17.715045
01:47:00,-159.9324,0,36.627354
01:48:00,-160.1577,0,51.291813
01:49:00,-160.4061,0,60.145308
01:50:00,-160.6074,0,78.897273
01:51:00,-160.8216,0,49.530531
01:52:00,-160.9936,0,12.63493
01:53:00,-161.1712,0,32.238682
01:54:00,-161.3086,0,27.398713
01:55:00,-161.4457,0,3.290002
01:56:00,-161.542,0,31.589674
01:57:00,-161.6312,0,135.06882
01:58:00,-161.6854,0,1.834547
01:59:00,-161.7234,0,44.471143
02:00:00,-161.7333,0,135.958737
02:01:00,-161.7187,0,67.115767
02:02:00,-161.684,0,57.735741
02:03:00,-161.6172,0,124.849452
02:04:00,-161.5394,0,46.376022
02:05:00,-161.423,0,229.504845
02:06:00,-161.3025,0,14.118496
02:07:00,-161.1405,0,42.512902
02:08:00,-160.9829,0,137.108189
02:09:00,-160.784,0,4.33828
02:10:00,-160.5948,0,48.926163
02:11:00,-160.3628,0,119.699133
02:12:00,-160.1118,0,0.379401
02:13:00,-159.8845,0,14.818742
02:14:00,-159.6138,0,311.949903
02:15:00,-159.3686,0,10.101469
02:16:00,-159.0757,0,17.908282
02:17:00,-158.8173,0,63.355502
02:18:00,-158.5591,0,31.522367
02:19:00,-158.2493,0,123.65549
02:20:00,-157.9793,0,93.950344
02:21:00,-157.6633,0,6.044518
02:22:00,-157.3896,0,128.907107
02:23:00,-157.0709,0,77.4667
02:24:00,-156.8011,0,115.540608
02:25:00,-156.4826,0,280.830251
02:26:00,-156.209,0,159.080813
02:27:00,-155.8977,0,85.43142
02:28:00,-155.6268,0,153.771089
02:29:00,-155.3146,0,136.884591
02:30:00,-155.0526,0,98.645624
02:31:00,-154.7456,0,104.947071
02:32:00,-154.4884,0,211.184612
02:33:00,-154.1876,0,115.490537
02:34:00,-153.9313,0,117.112258
02:35:00,-153.6373,0,74.055596
02:36:00,-153.3916,960,46.212137
02:37:00,-153.1048,2688,122.599734
02:38:00,-152.861,3936,128.294739
02:39:00,-152.5818,4992,159.777749
02:40:00,-152.3488,5760,114.619842
02:41:00,-152.0773,6240,20.643533
02:42:00,-151.8467,6912,65.17226
02:43:00,-151.583,6912,27.223675
02:44:00,-151.3631,7296,224.816919
02:45:00,-151.1072,7680,174.759244
02:46:00,-150.89,7680,84.318982
02:47:00,-150.6419,8352,81.64009
02:48:00,-150.4351,8640,42.150999
02:49:00,-150.1947,8832,95.749164
02:50:00,-149.9908,8832,6.309324
02:51:00,-149.7615,8928,122.888357
02:52:00,-149.5642,9024,112.771542
02:53:00,-149.3389,9120,43.578904
02:54:00,-149.1514,9312,126.647541
02:55:00,-148.9335,9312,34.884787
02:56:00,-148.749,9408,27.019639
02:57:00,-148.5385,9504,0.54686
02:58:00,-148.3634,9504,199.265429
02:59:00,-148.1602,9600,53.078813
03:00:00,-147.9912,9600,121.459747
03:01:00,-147.7951,9600,105.119942
03:02:00,-147.6293,9600,118.62491
03:03:00,-147.4403,9600,13.964738
03:04:00,-147.2834,9600,33.434756
03:05:00,-147.1014,9600,55.712357
03:06:00,-146.9504,9600,109.418413
03:07:00,-146.7753,9600,220.239458
03:08:00,-146.6275,9600,29.998401
03:09:00,-146.4594,9600,31.841223
03:10:00,-146.2974,9600,60.275025
03:11:00,-146.1587,9600,168.400584
03:12:00,-146.001,9600,21.454114
03:13:00,-145.8705,9600,185.525107
03:14:00,-145.7196,9600,152.802811
03:15:00,-145.5947,9600,284.644418
03:16:00,-145.4505,9600,6.543539
03:17:00,-145.3292,9600,1.203418
03:18:00,-145.1917,9600,101.340768
03:19:00,-145.0782,9600,116.423863
03:20:00,-144.9473,9600,77.755595
03:21:00,-144.8394,9600,103.564274
03:22:00,-144.7151,9600,39.47714
03:23:00,-144.6109,9600,66.115213
03:24:00,-144.4933,9600,0.939311
03:25:00,-144.3966,9600,145.45884
03:26:00,-144.2855,9600,21.00487
03:27:00,-144.1927,9600,37.742737
03:28:00,-144.0898,9600,9.208042
03:29:00,-144.0026,9600,13.923593
03:30:00,-143.9047,9600,29.031286
03:31:00,-143.8246,9600,142.549099
03:32:00,-143.7333,9600,108.281283
03:33:00,-143.6574,9600,84.783742
03:34:00,-143.5726,9600,132.429439
03:35:00,-143.5036,9600,0.210824
03:36:00,-143.4253,9600,72.124575
03:37:00,-143.3607,9600,92.083766
03:38:00,-143.2901,9600,11.167331
03:39:00,-143.2311,9600,6.757846
03:40:00,-143.1659,9600,15.853722
03:41:00,-143.1134,9600,152.683463
03:42:00,-143.0547,9600,4.963413
03:43:00,-143.007,9600,75.712181
03:44:00,-142.9556,9600,87.430758
03:45:00,-142.9135,9600,194.448661
03:46:00,-142.8679,9600,121.341076
03:47:00,-142.8314,9600,147.177137
03:48:00,-142.7929,9600,9.300227
03:49:00,-142.762,9600,1.154088
03:50:00,-142.7294,9600,111.04909
03:51:00,-142.7046,9600,126.857567
03:52:00,-142.6786,9600,50.731629
03:53:00,-142.659,9600,2.137677
03:54:00,-142.6397,9600,34.227631
03:55:00,-142.6257,9600,205.851801
03:56:00,-142.6127,9600,16.324975
03:57:00,-142.6045,9600,111.171412
03:58:00,-142.598,9600,96.608858
03:59:00,-142.5952,9600,17.61451
04:00:00,-142.5953,9600,4.354906
04:01:00,-142.5981,9600,257.802553
04:02:00,-142.6047,9600,28.508035
04:03:00,-142.613,9600,34.62416
04:04:00,-142.6261,9600,206.482222
04:05:00,-142.6402,9600,20.368238
04:06:00,-142.6595,9600,134.791148
04:07:00,-142.6792,9600,238.107779
04:08:00,-142.7049,9600,112.348663
04:09:00,-142.7303,9600,179.600914
04:10:00,-142.7629,9600,101.002573
04:11:00,-142.7933,9600,65.869712
04:12:00,-142.8324,9600,48.371559
04:13:00,-142.869,9600,20.288944
04:14:00,-142.914,9600,0.72658
04:15:00,-142.9561,9600,19.294241
04:16:00,-143.0083,9600,125.705295
04:17:00,-143.0553,9600,33.463246
04:18:00,-143.114,9600,28.095774
04:19:00,-143.1674,9600,172.77404
04:20:00,-143.2316,9600,214.076715
04:21:00,-143.2907,9600,71.983322
04:22:00,-143.3624,9600,271.032287
04:23:00,-143.4259,9600,65.980445
04:24:00,-143.5042,9600,54.03367
04:25:00,-143.5745,9600,51.01463
04:26:00,-143.658,9600,37.469227
04:27:00,-143.7339,9600,46.788114
04:28:00,-143.8252,9600,1.182134
04:29:00,-143.9186,9600,73.182347
04:30:00,-144.0032,9600,83.439761
04:31:00,-144.1046,9600,243.833344
04:32:00,-144.1932,9600,99.922677
04:33:00,-144.3011,9600,39.097257
04:34:00,-144.397,9600,110.717078
04:35:00,-144.5097,9600,56.001655
04:36:00,-144.6112,9600,64.19479
04:37:00,-144.7305,9600,236.087827
04:38:00,-144.8376,9600,27.001585
04:39:00,-144.9653,9600,105.767452
04:40:00,-145.0762,9600,72.351854
04:41:00,-145.2105,9600,188.113103
04:42:00,-145.3269,9600,18.712173
04:43:00,-145.4679,9600,51.784218
04:44:00,-145.59,9600,0.484003
04:45:00,-145.7376,9600,0.779818
04:46:00,-145.8676,9600,24.5325
04:47:00,-146.0196,9600,83.961699
04:48:00,-146.1554,9600,30.15736
04:49:00,-146.3165,9600,41.030608
04:50:00,-146.4557,9600,134.631858
04:51:00,-146.6236,9600,16.965058
04:52:00,-146.7712,9600,187.299935
04:53:00,-146.9433,9600,11.029811
04:54:00,-147.0968,9600,33.339855
04:55:00,-147.2757,9600,113.052993
04:56:00,-147.4352,9600,67.656103
04:57:00,-147.6239,9504,34.991791
04:58:00,-147.7865,9408,21.909482
04:59:00,-147.9822,9408,93.506361
05:00:00,-148.1508,9312,265.653751
05:01:00,-148.3536,9120,12.329939
05:02:00,-148.5282,9024,33.874063
05:03:00,-148.7382,9024,0.213759
05:04:00,-148.9223,8928,194.777808
05:05:00,-149.1363,8832,62.621476
05:06:00,-149.3267,8640,29.531359
05:07:00,-149.548,8352,88.756526
05:08:00,-149.7448,8352,47.519439
05:09:00,-149.977,8352,76.703626
05:10:00,-150.1766,7680,30.44049
05:11:00,-150.4163,7296,70.155062
05:12:00,-150.6224,6912,71.226177
05:13:00,-150.8698,6240,45.670377
05:14:00,-151.1212,5760,23.406939
05:15:00,-151.3373,4992,96.580288
05:16:00,-151.5965,3936,26.789481
05:17:00,-151.819,2688,24.717816
05:18:00,-152.0858,960,171.40343
05:19:00,-152.3149,0,227.757096
05:20:00,-152.5893,0,3.225914
05:21:00,-152.829,0,37.889344
05:22:00,-153.1067,0,206.706705
05:23:00,-153.3528,0,188.356273
05:24:00,-153.642,0,7.678983
05:25:00,-153.8898,0,276.324899
05:26:00,-154.1859,0,1.74837
05:27:00,-154.4393,0,1.160204
05:28:00,-154.7418,0,50.880969
05:29:00,-155.0002,0,166.607697
05:30:00,-155.3083,0,83.467405
05:31:00,-155.571,0,53.764727
05:32:00,-155.8835,0,7.170077
05:33:00,-155.9237,0,169.972065
05:34:00,-156.2353,0,59.556986
05:35:00,-156.5091,0,125.859359
05:36:00,-156.8278,0,9.572853
05:37:00,-157.1418,0,194.766155
05:38:00,-157.4164,0,106.927703
05:39:00,-157.7291,0,32.37772
05:40:00,-158.0011,0,28.769717
05:41:00,-158.3093,0,53.535222
05:42:00,-158.5758,0,86.616753
05:43:00,-158.8756,0,74.189695
05:44:00,-159.1329,0,155.343991
05:45:00,-159.4243,0,55.456066
05:46:00,-159.6636,0,17.715045
05:47:00,-159.9324,0,36.627354
05:48:00,-160.1577,0,51.291813
05:49:00,-160.4061,0,60.145308
05:50:00,-160.6074,0,78.897273
05:51:00,-160.8216,0,49.530531
05:52:00,-160.9936,0,12.63493
05:53:00,-161.1712,0,32.238682
05:54:00,-161.3086,0,27.398713
05:55:00,-161.4457,0,3.290002
05:56:00,-161.542,0,31.589674
05:57:00,-161.6312,0,135.06882
05:58:00,-161.6854,0,1.834547
05:59:00,-161.7234,0,44.471143
06:00:00,-161.7333,0,135.958737
06:01:00,-161.7187,0,67.115767
06:02:00,-161.684,0,57.735741
06:03:00,-161.6172,0,124.849452
06:04:00,-161.5394,0,46.376022
06:05:00,-161.423,0,229.504845
06:06:00,-161.3025,0,14.118496
06:07:00,-161.1405,0,42.512902
06:08:00,-160.9829,0,137.108189
06:09:00,-160.784,0,4.33828
06:10:00,-160.5948,0,48.926163
06:11:00,-160.3628,0,119.699133
06:12:00,-160.1118,0,0.379401
06:13:00,-159.8845,0,14.818742
06:14:00,-159.6138,0,311.949903
06:15:00,-159.3686,0,10.101469
06:16:00,-159.0757,0,17.908282
06:17:00,-158.8173,0,63.355502
06:18:00,-158.5591,0,31.522367
06:19:00,-158.2493,0,123.65549
06:20:00,-157.9793,0,93.950344
06:21:00,-157.6633,0,6.044518
06:22:00,-157.3896,0,128.907107
06:23:00,-157.0709,0,77.4667
06:24:00,-156.8011,0,115.540608
06:25:00,-156.4826,0,280.830251
06:26:00,-156.209,0,159.080813
06:27:00,-155.8977,0,85.43142
06:28:00,-155.6268,0,153.771089
06:29:00,-155.3146,0,136.884591
06:30:00,-155.0526,0,98.645624
06:31:00,-154.7456,0,104.947071
06:32:00,-154.4884,0,211.184612
06:33:00,-154.1876,0,115.490537
06:34:00,-153.9313,0,117.112258
06:35:00,-153.6373,0,74.055596
06:36:00,-153.3916,960,46.212137
06:37:00,-153.1048,2688,122.599734
06:38:00,-152.861,3936,128.294739
06:39:00,-152.5818,4992,159.777749
06:40:00,-152.3488,5760,114.619842
06:41:00,-152.0773,6240,20.643533
06:42:00,-151.8467,6912,65.17226
06:43:00,-151.583,6912,27.223675
06:44:00,-151.3631,7296,224.816919
06:45:00,-151.1072,7680,174.759244
06:46:00,-150.89,7680,84.318982
06:47:00,-150.6419,8352,81.64009
06:48:00,-150.4351,8640,42.150999
06:49:00,-150.1947,8832,95.749164
06:50:00,-149.9908,8832,6.309324
06:51:00,-149.7615,8928,122.888357
06:52:00,-149.5642,9024,112.771542
06:53:00,-149.3389,9120,43.578904
06:54:00,-149.1514,9312,126.647541
06:55:00,-148.9335,9312,34.884787
06:56:00,-148.749,9408,27.019639
06:57:00,-148.5385,9504,0.54686
06:58:00,-148.3634,9504,199.265429
06:59:00,-148.1602,9600,53.078813
07:00:00,-147.9912,9600,121.459747
07:01:00,-147.7951,9600,105.119942
07:02:00,-147.6293,9600,118.62491
07:03:00,-147.4403,9600,13.964738
07:04:00,-147.2834,9600,33.434756
07:05:00,-147.1014,9600,55.712357
07:06:00,-146.9504,9600,109.418413
07:07:00,-146.7753,9600,220.239458
07:08:00,-146.6275,9600,29.998401
07:09:00,-146.4594,9600,31.841223
07:10:00,-146.2974,9600,60.275025
07:11:00,-146.1587,9600,168.400584
07:12:00,-146.001,9600,21.454114
07:13:00,-145.8705,9600,185.525107
07:14:00,-145.7196,9600,152.802811
07:15:00,-145.5947,9600,284.644418
07:16:00,-145.4505,9600,6.543539
07:17:00,-145.3292,9600,1.203418
07:18:00,-145.1917,9600,101.340768
07:19:00,-145.0782,9600,116.423863
07:20:00,-144.9473,9600,77.755595
07:21:00,-144.8394,9600,103.564274
07:22:00,-144.7151,9600,39.47714
07:23:00,-144.6109,9600,66.115213
07:24:00,-144.4933,9600,0.939311
07:25:00,-144.3966,9600,145.45884
07:26:00,-144.2855,9600,21.00487
07:27:00,-144.1927,9600,37.742737
07:28:00,-144.0898,9600,71.606422
07:29:00,-144.0026,9600,8.651482
07:30:00,-143.9047,9600,229.180557
07:31:00,-143.8246,9600,128.41368
07:32:00,-143.7333,9600,115.208981
07:33:00,-143.6574,9600,320.696451
07:34:00,-143.5726,9600,15.782365
07:35:00,-143.5036,9600,132.679931
07:36:00,-143.4253,9600,124.053753
07:37:00,-143.3607,9600,108.754354
07:38:00,-143.2901,9600,13.605678
07:39:00,-143.2311,9600,39.096736
07:40:00,-143.1659,9600,147.215811
07:41:00,-143.1134,9600,50.293579
07:42:00,-143.0547,9600,287.383764
07:43:00,-143.007,9600,14.895015
07:44:00,-142.9556,9600,57.285298
07:45:00,-142.9135,9600,3.438166
07:46:00,-142.8679,9600,13.962027
07:47:00,-142.8314,9600,27.152643
07:48:00,-142.7929,9600,30.910657
07:49:00,-142.762,9600,13.454137
07:50:00,-142.7294,9600,122.936815
07:51:00,-142.7046,9600,70.722656
07:52:00,-142.6786,9600,43.713301
07:53:00,-142.659,9600,53.017077
07:54:00,-142.6397,9600,234.602035
07:55:00,-142.6257,9600,23.519646
07:56:00,-142.6127,9600,31.625399
07:57:00,-142.6045,9600,111.171412
07:58:00,-142.598,9600,96.608858
07:59:00,-142.5952,9600,17.61451
08:00:00,-142.5953,9600,4.354906
08:01:00,-142.5981,9600,257.802553
08:02:00,-142.6047,9600,28.508035
08:03:00,-142.613,9600,34.62416
08:04:00,-142.6261,9600,206.482222
08:05:00,-142.6402,9600,20.368238
08:06:00,-142.6595,9600,134.791148
08:07:00,-142.6792,9600,238.107779
08:08:00,-142.7049,9600,112.348663
08:09:00,-142.7303,9600,179.600914
08:10:00,-142.7629,9600,101.002573
08:11:00,-142.7933,9600,65.869712
08:12:00,-142.8324,9600,48.371559
08:13:00,-142.869,9600,20.288944
08:14:00,-142.914,9600,0.72658
08:15:00,-142.9561,9600,19.294241
08:16:00,-143.0083,9600,125.705295
08:17:00,-143.0553,9600,33.463246
08:18:00,-143.114,9600,28.095774
08:19:00,-143.1674,9600,172.77404
08:20:00,-143.2316,9600,214.076715
08:21:00,-143.2907,9600,71.983322
08:22:00,-143.3624,9600,271.032287
08:23:00,-143.4259,9600,65.980445
08:24:00,-143.5042,9600,54.03367
08:25:00,-143.5745,9600,51.01463
08:26:00,-143.658,9600,37.469227
08:27:00,-143.7339,9600,46.788114
08:28:00,-143.8252,9600,1.182134
08:29:00,-143.9186,9600,73.182347
08:30:00,-144.0032,9600,83.439761
08:31:00,-144.1046,9600,243.833344
08:32:00,-144.1932,9600,99.922677
08:33:00,-144.3011,9600,39.097257
08:34:00,-144.397,9600,110.717078
08:35:00,-144.5097,9600,56.001655
08:36:00,-144.6112,9600,64.19479
08:37:00,-144.7305,9600,236.087827
08:38:00,-144.8376,9600,27.001585
08:39:00,-144.9653,9600,105.767452
08:40:00,-145.0762,9600,72.351854
08:41:00,-145.2105,9600,188.113103
08:42:00,-145.3269,9600,18.712173
08:43:00,-145.4679,9600,51.784218
08:44:00,-145.59,9600,0.484003
08:45:00,-145.7376,9600,0.779818
08:46:00,-145.8676,9600,24.5325
08:47:00,-146.0196,9600,83.961699
08:48:00,-146.1554,9600,30.15736
08:49:00,-146.3165,9600,41.030608
08:50:00,-146.4557,9600,134.631858
08:51:00,-146.6236,9600,16.965058
08:52:00,-146.7712,9600,187.299935
08:53:00,-146.9433,9600,11.029811
08:54:00,-147.0968,9600,33.339855
08:55:00,-147.2757,9600,113.052993
08:56:00,-147.4352,9600,67.656103
08:57:00,-147.6239,9504,34.991791
08:58:00,-147.7865,9408,21.909482
08:59:00,-147.9822,9408,93.506361
09:00:00,-148.1508,9312,265.653751
09:01:00,-148.3536,9120,12.329939
09:02:00,-148.5282,9024,33.874063
09:03:00,-148.7382,9024,0.213759
09:04:00,-148.9223,8928,194.777808
09:05:00,-149.1363,8832,62.621476
09:06:00,-149.3267,8640,29.531359
09:07:00,-149.548,8352,88.756526
09:08:00,-149.7448,8352,47.519439
09:09:00,-149.977,8352,76.703626
09:10:00,-150.1766,7680,30.44049
09:11:00,-150.4163,7296,70.155062
09:12:00,-150.6224,6912,71.226177
09:13:00,-150.8698,6240,45.670377
09:14:00,-151.1212,5760,23.406939
09:15:00,-151.3373,4992,96.580288
09:16:00,-151.5965,3936,26.789481
09:17:00,-151.819,2688,24.717816
09:18:00,-152.0858,960,171.40343
09:19:00,-152.3149,0,227.757096
09:20:00,-152.5893,0,3.225914
09:21:00,-152.829,0,37.889344
09:22:00,-153.1067,0,206.706705
09:23:00,-153.3528,0,188.356273
09:24:00,-153.642,0,7.678983
09:25:00,-153.8898,0,276.324899
09:26:00,-154.1859,0,1.74837
09:27:00,-154.4393,0,1.160204
09:28:00,-154.7418,0,50.880969
09:29:00,-155.0002,0,166.607697
09:30:00,-155.3083,0,83.467405
09:31:00,-155.571,0,53.764727
09:32:00,-155.8835,0,7.170077
09:33:00,-155.9237,0,169.972065
09:34:00,-156.2353,0,59.556986
09:35:00,-156.5091,0,125.859359
09:36:00,-156.8278,0,9.572853
09:37:00,-157.1418,0,194.766155
09:38:00,-157.4164,0,106.927703
09:39:00,-157.7291,0,32.37772
09:40:00,-158.0011,0,28.769717
09:41:00,-158.3093,0,53.535222
09:42:00,-158.5758,0,86.616753
09:43:00,-158.8756,0,74.189695
09:44:00,-159.1329,0,155.343991
09:45:00,-159.4243,0,55.456066
09:46:00,-159.6636,0,17.715045
09:47:00,-159.9324,0,36.627354
09:48:00,-160.1577,0,51.291813
09:49:00,-160.4061,0,60.145308
09:50:00,-160.6074,0,78.897273
09:51:00,-160.8216,0,49.530531
09:52:00,-160.9936,0,12.63493
09:53:00,-161.1712,0,32.238682
09:54:00,-161.3086,0,27.398713
09:55:00,-161.4457,0,3.290002
09:56:00,-161.542,0,31.589674
09:57:00,-161.6312,0,135.06882
09:58:00,-161.6854,0,1.834547
09:59:00,-161.7234,0,44.471143
10:00:00,-161.7333,0,135.958737
10:01:00,-161.7187,0,67.115767
10:02:00,-161.684,0,57.735741
10:03:00,-161.6172,0,124.849452
10:04:00,-161.5394,0,46.376022
10:05:00,-161.423,0,229.504845
10:06:00,-161.3025,0,14.118496
10:07:00,-161.1405,0,42.512902
10:08:00,-160.9829,0,137.108189
10:09:00,-160.784,0,4.33828
10:10:00,-160.5948,0,48.926163
10:11:00,-160.3628,0,119.699133
10:12:00,-160.1118,0,0.379401
10:13:00,-159.8845,0,14.818742
10:14:00,-159.6138,0,311.949903
10:15:00,-159.3686,0,10.101469
10:16:00,-159.0757,0,17.908282
10:17:00,-158.8173,0,63.355502
10:18:00,-158.5591,0,31.522367
10:19:00,-158.2493,0,123.65549
10:20:00,-157.9793,0,93.950344
10:21:00,-157.6633,0,6.044518
10:22:00,-157.3896,0,128.907107
10:23:00,-157.0709,0,77.4667
10:24:00,-156.8011,0,115.540608
10:25:00,-156.4826,0,280.830251
10:26:00,-156.209,0,159.080813
10:27:00,-155.8977,0,85.43142
10:28:00,-155.6268,0,153.771089
10:29:00,-155.3146,0,136.884591
10:30:00,-155.0526,0,98.645624
10:31:00,-154.7456,0,104.947071
10:32:00,-154.4884,0,211.184612
10:33:00,-154.1876,0,115.490537
10:34:00,-153.9313,0,117.112258
10:35:00,-153.6373,0,74.055596
10:36:00,-153.3916,960,46.212137
10:37:00,-153.1048,2688,122.599734
10:38:00,-152.861,3936,128.294739
10:39:00,-152.5818,4992,159.777749
10:40:00,-152.3488,5760,114.619842
10:41:00,-152.0773,6240,20.643533
10:42:00,-151.8467,6912,65.17226
10:43:00,-151.583,6912,27.223675
10:44:00,-151.3631,7296,224.816919
10:45:00,-151.1072,7680,174.759244
10:46:00,-150.89,7680,84.318982
10:47:00,-150.6419,8352,81.64009
10:48:00,-150.4351,8640,42.150999
10:49:00,-150.1947,8832,95.749164
10:50:00,-149.9908,8832,6.309324
10:51:00,-149.7615,8928,122.888357
10:52:00,-149.5642,9024,112.771542
10:53:00,-149.3389,9120,43.578904
10:54:00,-149.1514,9312,126.647541
10:55:00,-148.9335,9312,34.884787
10:56:00,-148.749,9408,27.019639
10:57:00,-148.5385,9504,0.54686
10:58:00,-148.3634,9504,199.265429
10:59:00,-148.1602,9600,53.078813
11:00:00,-147.9912,9600,121.459747
11:01:00,-147.7951,9600,105.119942
11:02:00,-147.6293,9600,118.62491
11:03:00,-147.4403,9600,13.964738
11:04:00,-147.2834,9600,33.434756
11:05:00,-147.1014,9600,55.712357
11:06:00,-146.9504,9600,109.418413
11:07:00,-146.7753,9600,220.239458
11:08:00,-146.6275,9600,29.998401
11:09:00,-146.4594,9600,31.841223
11:10:00,-146.2974,9600,60.275025
11:11:00,-146.1587,9600,168.400584
11:12:00,-146.001,9600,21.454114
11:13:00,-145.8705,9600,185.525107
11:14:00,-145.7196,9600,152.802811
11:15:00,-145.5947,9600,284.644418
11:16:00,-145.4505,9600,6.543539
11:17:00,-145.3292,9600,1.203418
11:18:00,-145.1917,9600,101.340768
11:19:00,-145.0782,9600,116.423863
11:20:00,-144.9473,9600,77.755595
11:21:00,-144.8394,9600,103.564274
11:22:00,-144.7151,9600,39.47714
11:23:00,-144.6109,9600,66.115213
11:24:00,-144.4933,9600,0.939311
11:25:00,-144.3966,9600,145.45884
11:26:00,-144.2855,9600,21.00487
11:27:00,-144.1927,9600,37.742737
11:28:00,-144.0898,9600,71.606422
11:29:00,-144.0026,9600,8.651482
11:30:00,-143.9047,9600,229.180557
11:31:00,-143.8246,9600,128.41368
11:32:00,-143.7333,9600,115.208981
11:33:00,-143.6574,9600,320.696451
11:34:00,-143.5726,9600,15.782365
11:35:00,-143.5036,9600,132.679931
11:36:00,-143.4253,9600,124.053753
11:37:00,-143.3607,9600,108.754354
11:38:00,-143.2901,9600,13.605678
11:39:00,-143.2311,9600,39.096736
11:40:00,-143.1659,9600,147.215811
11:41:00,-143.1134,9600,50.293579
11:42:00,-143.0547,9600,287.383764
11:43:00,-143.007,9600,14.895015
11:44:00,-142.9556,9600,57.285298
11:45:00,-142.9135,9600,3.438166
11:46:00,-142.8679,9600,13.962027
11:47:00,-142.8314,9600,27.152643
11:48:00,-142.7929,9600,30.910657
11:49:00,-142.762,9600,13.454137
11:50:00,-142.7294,9600,122.936815
11:51:00,-142.7046,9600,70.722656
11:52:00,-142.6786,9600,43.713301
11:53:00,-142.659,9600,53.017077
11:54:00,-142.6397,9600,234.602035
11:55:00,-142.6257,9600,23.519646
11:56:00,-142.6127,9600,31.625399
11:57:00,-142.6045,9600,111.171412
11:58:00,-142.598,9600,96.608858
11:59:00,-142.5952,9600,17.61451
12:00:00,-142.5953,9600,4.354906
12:01:00,-142.5981,9600,257.802553
12:02:00,-142.6047,9600,28.508035
12:03:00,-142.613,9600,34.62416
12:04:00,-142.6261,9600,206.482222
12:05:00,-142.6402,9600,20.368238
12:06:00,-142.6595,9600,134.791148
12:07:00,-142.6792,9600,238.107779
12:08:00,-142.7049,9600,112.348663
12:09:00,-142.7303,9600,179.600914
12:10:00,-142.7629,9600,101.002573
12:11:00,-142.7933,9600,65.869712
12:12:00,-142.8324,9600,48.371559
12:13:00,-142.869,9600,20.288944
12:14:00,-142.914,9600,0.72658
12:15:00,-142.9561,9600,19.294241
12:16:00,-143.0083,9600,125.705295
12:17:00,-143.0553,9600,33.463246
12:18:00,-143.114,9600,28.095774
12:19:00,-143.1674,9600,172.77404
12:20:00,-143.2316,9600,214.076715
12:21:00,-143.2907,9600,71.983322
12:22:00,-143.3624,9600,271.032287
12:23:00,-143.4259,9600,65.980445
12:24:00,-143.5042,9600,54.03367
12:25:00,-143.5745,9600,51.01463
12:26:00,-143.658,9600,37.469227
12:27:00,-143.7339,9600,46.788114
12:28:00,-143.8252,9600,1.182134
12:29:00,-143.9186,9600,73.182347
12:30:00,-144.0032,9600,83.439761
12:31:00,-144.1046,9600,243.833344
12:32:00,-144.1932,9600,99.922677
12:33:00,-144.3011,9600,39.097257
12:34:00,-144.397,9600,110.717078
12:35:00,-144.5097,9600,56.001655
12:36:00,-144.6112,9600,64.19479
12:37:00,-144.7305,9600,236.087827
12:38:00,-144.8376,9600,27.001585
12:39:00,-144.9653,9600,105.767452
12:40:00,-145.0762,9600,72.351854
12:41:00,-145.2105,9600,188.113103
12:42:00,-145.3269,9600,18.712173
12:43:00,-145.4679,9600,51.784218
12:44:00,-145.59,9600,0.484003
12:45:00,-145.7376,9600,0.779818
12:46:00,-145.8676,9600,24.5325
12:47:00,-146.0196,9600,83.961699
12:48:00,-146.1554,9600,30.15736
12:49:00,-146.3165,9600,41.030608
12:50:00,-146.4557,9600,134.631858
12:51:00,-146.6236,9600,16.965058
12:52:00,-146.7712,9600,187.299935
12:53:00,-146.9433,9600,11.029811
12:54:00,-147.0968,9600,33.339855
12:55:00,-147.2757,9600,113.052993
12:56:00,-147.4352,9600,67.656103
12:57:00,-147.6239,9504,34.991791
12:58:00,-147.7865,9408,21.909482
12:59:00,-147.9822,9408,93.506361
13:00:00,-148.1508,9312,265.653751
13:01:00,-148.3536,9120,12.329939
13:02:00,-148.5282,9024,33.874063
13:03:00,-148.7382,9024,0.213759
13:04:00,-148.9223,8928,194.777808
13:05:00,-149.1363,8832,62.621476
13:06:00,-149.3267,8640,29.531359
13:07:00,-149.548,8352,88.756526
13:08:00,-149.7448,8352,47.519439
13:09:00,-149.977,8352,76.703626
13:10:00,-150.1766,7680,30.44049
13:11:00,-150.4163,7296,70.155062
13:12:00,-150.6224,6912,71.226177
13:13:00,-150.8698,6240,45.670377
13:14:00,-151.1212,5760,23.406939
13:15:00,-151.3373,4992,96.580288
13:16:00,-151.5965,3936,26.789481
13:17:00,-151.819,2688,24.717816
13:18:00,-152.0858,960,171.40343
13:19:00,-152.3149,0,227.757096
13:20:00,-152.5893,0,3.225914
13:21:00,-152.829,0,37.889344
13:22:00,-153.1067,0,206.706705
13:23:00,-153.3528,0,188.356273
13:24:00,-153.642,0,7.678983
13:25:00,-153.8898,0,276.324899
13:26:00,-154.1859,0,1.74837
13:27:00,-154.4393,0,1.160204
13:28:00,-154.7418,0,50.880969
13:29:00,-155.0002,0,166.607697
13:30:00,-155.3083,0,83.467405
13:31:00,-155.571,0,53.764727
13:32:00,-155.8835,0,7.170077
13:33:00,-155.9237,0,169.972065
13:34:00,-156.2353,0,59.556986
13:35:00,-156.5091,0,125.859359
13:36:00,-156.8278,0,9.572853
13:37:00,-157.1418,0,194.766155
13:38:00,-157.4164,0,106.927703
13:39:00,-157.7291,0,32.37772
13:40:00,-158.0011,0,28.769717
13:41:00,-158.3093,0,53.535222
13:42:00,-158.5758,0,86.616753
13:43:00,-158.8756,0,74.189695
13:44:00,-159.1329,0,155.343991
13:45:00,-159.4243,0,55.456066
13:46:00,-159.6636,0,17.715045
13:47:00,-159.9324,0,36.627354
13:48:00,-160.1577,0,51.291813
13:49:00,-160.4061,0,60.145308
13:50:00,-160.6074,0,78.897273
13:51:00,-160.8216,0,49.530531
13:52:00,-160.9936,0,12.63493
13:53:00,-161.1712,0,32.238682
13:54:00,-161.3086,0,27.398713
13:55:00,-161.4457,0,3.290002
13:56:00,-161.542,0,31.589674
13:57:00,-161.6312,0,135.06882
13:58:00,-161.6854,0,1.834547
13:59:00,-161.7234,0,44.471143
14:00:00,-161.7333,0,135.958737
14:01:00,-161.7187,0,67.115767
14:02:00,-161.684,0,57.735741
14:03:00,-161.6172,0,124.849452
14:04:00,-161.5394,0,46.376022
14:05:00,-161.423,0,229.504845
14:06:00,-161.3025,0,14.118496
14:07:00,-161.1405,0,42.512902
14:08:00,-160.9829,0,137.108189
14:09:00,-160.784,0,4.33828
14:10:00,-160.5948,0,48.926163
14:11:00,-160.3628,0,119.699133
14:12:00,-160.1118,0,0.379401
14:13:00,-159.8845,0,14.818742
14:14:00,-159.6138,0,311.949903
14:15:00,-159.3686,0,10.101469
14:16:00,-159.0757,0,17.908282
14:17:00,-158.8173,0,63.355502
14:18:00,-158.5591,0,31.522367
14:19:00,-158.2493,0,123.65549
14:20:00,-157.9793,0,93.950344
14:21:00,-157.6633,0,6.044518
14:22:00,-157.3896,0,128.907107
14:23:00,-157.0709,0,77.4667
14:24:00,-156.8011,0,115.540608
14:25:00,-156.4826,0,280.830251
14:26:00,-156.209,0,159.080813
14:27:00,-155.8977,0,85.43142
14:28:00,-155.6268,0,153.771089
14:29:00,-155.3146,0,136.884591
14:30:00,-155.0526,0,98.645624
14:31:00,-154.7456,0,104.947071
14:32:00,-154.4884,0,211.184612
14:33:00,-154.1876,0,115.490537
14:34:00,-153.9313,0,117.112258
14:35:00,-153.6373,0,74.055596
14:36:00,-153.3916,960,46.212137
14:37:00,-153.1048,2688,122.599734
14:38:00,-152.861,3936,128.294739
14:39:00,-152.5818,4992,159.777749
14:40:00,-152.3488,5760,114.619842
14:41:00,-152.0773,6240,20.643533
14:42:00,-151.8467,6912,65.17226
14:43:00,-151.583,6912,27.223675
14:44:00,-151.3631,7296,224.816919
14:45:00,-151.1072,7680,174.759244
14:46:00,-150.89,7680,84.318982
14:47:00,-150.6419,8352,81.64009
14:48:00,-150.4351,8640,42.150999
14:49:00,-150.1947,8832,95.749164
14:50:00,-149.9908,8832,6.309324
14:51:00,-149.7615,8928,122.888357
14:52:00,-149.5642,9024,112.771542
14:53:00,-149.3389,9120,43.578904
14:54:00,-149.1514,9312,126.647541
14:55:00,-148.9335,9312,34.884787
14:56:00,-148.749,9408,27.019639
14:57:00,-148.5385,9504,0.54686
14:58:00,-148.3634,9504,199.265429
14:59:00,-148.1602,9600,53.078813
15:00:00,-147.9912,9600,121.459747
15:01:00,-147.7951,9600,105.119942
15:02:00,-147.6293,9600,118.62491
15:03:00,-147.4403,9600,13.964738
15:04:00,-147.2834,9600,33.434756
15:05:00,-147.1014,9600,55.712357
15:06:00,-146.9504,9600,109.418413
15:07:00,-146.7753,9600,220.239458
15:08:00,-146.6275,9600,29.998401
15:09:00,-146.4594,9600,31.841223
15:10:00,-146.2974,9600,60.275025
15:11:00,-146.1587,9600,168.400584
15:12:00,-146.001,9600,21.454114
15:13:00,-145.8705,9600,185.525107
15:14:00,-145.7196,9600,152.802811
15:15:00,-145.5947,9600,284.644418
15:16:00,-145.4505,9600,6.543539
15:17:00,-145.3292,9600,1.203418
15:18:00,-145.1917,9600,101.340768
15:19:00,-145.0782,9600,116.423863
15:20:00,-144.9473,9600,77.755595
15:21:00,-144.8394,9600,103.564274
15:22:00,-144.7151,9600,39.47714
15:23:00,-144.6109,9600,66.115213
15:24:00,-144.4933,9600,0.939311
15:25:00,-144.3966,9600,145.45884
15:26:00,-144.2855,9600,21.00487
15:27:00,-144.1927,9600,37.742737
15:28:00,-144.0898,9600,71.606422
15:29:00,-144.0026,9600,8.651482
15:30:00,-143.9047,9600,229.180557
15:31:00,-143.8246,9600,128.41368
15:32:00,-143.7333,9600,115.208981
15:33:00,-143.6574,9600,320.696451
15:34:00,-143.5726,9600,15.782365
15:35:00,-143.5036,9600,132.679931
15:36:00,-143.4253,9600,124.053753
15:37:00,-143.3607,9600,108.754354
15:38:00,-143.2901,9600,13.605678
15:39:00,-143.2311,9600,39.096736
15:40:00,-143.1659,9600,147.215811
15:41:00,-143.1134,9600,50.293579
15:42:00,-143.0547,9600,287.383764
15:43:00,-143.007,9600,14.895015
15:44:00,-142.9556,9600,57.285298
15:45:00,-142.9135,9600,3.438166
15:46:00,-142.8679,9600,13.962027
15:47:00,-142.8314,9600,27.152643
15:48:00,-142.7929,9600,30.910657
15:49:00,-142.762,9600,13.454137
15:50:00,-142.7294,9600,122.936815
15:51:00,-142.7046,9600,70.722656
15:52:00,-142.6786,9600,43.713301
15:53:00,-142.659,9600,53.017077
15:54:00,-142.6397,9600,234.602035
15:55:00,-142.6257,9600,23.519646
15:56:00,-142.6127,9600,31.625399
15:57:00,-142.6045,9600,111.171412
15:58:00,-142.598,9600,96.608858
15:59:00,-142.5952,9600,17.61451
16:00:00,-142.5953,9600,4.354906
16:01:00,-142.5981,9600,257.802553
16:02:00,-142.6047,9600,28.508035
16:03:00,-142.613,9600,34.62416
16:04:00,-142.6261,9600,206.482222
16:05:00,-142.6402,9600,20.368238
16:06:00,-142.6595,9600,134.791148
16:07:00,-142.6792,9600,238.107779
16:08:00,-142.7049,9600,112.348663
16:09:00,-142.7303,9600,179.600914
16:10:00,-142.7629,9600,101.002573
16:11:00,-142.7933,9600,65.869712
16:12:00,-142.8324,9600,48.371559
16:13:00,-142.869,9600,20.288944
16:14:00,-142.914,9600,0.72658
16:15:00,-142.9561,9600,19.294241
16:16:00,-143.0083,9600,125.705295
16:17:00,-143.0553,9600,33.463246
16:18:00,-143.114,9600,28.095774
16:19:00,-143.1674,9600,172.77404
16:20:00,-143.2316,9600,214.076715
16:21:00,-143.2907,9600,71.983322
16:22:00,-143.3624,9600,271.032287
16:23:00,-143.4259,9600,65.980445
16:24:00,-143.5042,9600,54.03367
16:25:00,-143.5745,9600,51.01463
16:26:00,-143.658,9600,37.469227
16:27:00,-143.7339,9600,46.788114
16:28:00,-143.8252,9600,1.182134
16:29:00,-143.9186,9600,73.182347
16:30:00,-144.0032,9600,83.439761
16:31:00,-144.1046,9600,243.833344
16:32:00,-144.1932,9600,99.922677
16:33:00,-144.3011,9600,39.097257
16:34:00,-144.397,9600,110.717078
16:35:00,-144.5097,9600,56.001655
16:36:00,-144.6112,9600,64.19479
16:37:00,-144.7305,9600,236.087827
16:38:00,-144.8376,9600,27.001585
16:39:00,-144.9653,9600,105.767452
16:40:00,-145.0762,9600,72.351854
16:41:00,-145.2105,9600,188.113103
16:42:00,-145.3269,9600,18.712173
16:43:00,-145.4679,9600,51.784218
16:44:00,-145.59,9600,0.484003
16:45:00,-145.7376,9600,0.779818
16:46:00,-145.8676,9600,24.5325
16:47:00,-146.0196,9600,83.961699
16:48:00,-146.1554,9600,30.15736
16:49:00,-146.3165,9600,41.030608
16:50:00,-146.4557,9600,134.631858
16:51:00,-146.6236,9600,16.965058
16:52:00,-146.7712,9600,187.299935
16:53:00,-146.9433,9600,11.029811
16:54:00,-147.0968,9600,33.339855
16:55:00,-147.2757,9600,113.052993
16:56:00,-147.4352,9600,67.656103
16:57:00,-147.6239,9504,34.991791
16:58:00,-147.7865,9408,21.909482
16:59:00,-147.9822,9408,93.506361
17:00:00,-148.1508,9312,265.653751
17:01:00,-148.3536,9120,12.329939
17:02:00,-148.5282,9024,33.874063
17:03:00,-148.7382,9024,0.213759
17:04:00,-148.9223,8928,194.777808
17:05:00,-149.1363,8832,62.621476
17:06:00,-149.3267,8640,29.531359
17:07:00,-149.548,8352,88.756526
17:08:00,-149.7448,8352,47.519439
17:09:00,-149.977,8352,76.703626
17:10:00,-150.1766,7680,30.44049
17:11:00,-150.4163,7296,70.155062
17:12:00,-150.6224,6912,71.226177
17:13:00,-150.8698,6240,45.670377
17:14:00,-151.1212,5760,23.406939
17:15:00,-151.3373,4992,96.580288
17:16:00,-151.5965,3936,26.789481
17:17:00,-151.819,2688,24.717816
17:18:00,-152.0858,960,171.40343
17:19:00,-152.3149,0,227.757096
17:20:00,-152.5893,0,3.225914
17:21:00,-152.829,0,37.889344
17:22:00,-153.1067,0,206.706705
17:23:00,-153.3528,0,188.356273
17:24:00,-153.642,0,7.678983
17:25:00,-153.8898,0,276.324899
17:26:00,-154.1859,0,1.74837
17:27:00,-154.4393,0,1.160204
17:28:00,-154.7418,0,50.880969
17:29:00,-155.0002,0,166.607697
17:30:00,-155.3083,0,83.467405
17:31:00,-155.571,0,53.764727
17:32:00,-155.8835,0,7.170077
17:33:00,-155.9237,0,169.972065
17:34:00,-156.2353,0,59.556986
17:35:00,-156.5091,0,125.859359
17:36:00,-156.8278,0,9.572853
17:37:00,-157.1418,0,194.766155
17:38:00,-157.4164,0,106.927703
17:39:00,-157.7291,0,32.37772
17:40:00,-158.0011,0,28.769717
17:41:00,-158.3093,0,53.535222
17:42:00,-158.5758,0,86.616753
17:43:00,-158.8756,0,74.189695
17:44:00,-159.1329,0,155.343991
17:45:00,-159.4243,0,55.456066
17:46:00,-159.6636,0,17.715045
17:47:00,-159.9324,0,36.627354
17:48:00,-160.1577,0,51.291813
17:49:00,-160.4061,0,60.145308
17:50:00,-160.6074,0,78.897273
17:51:00,-160.8216,0,49.530531
17:52:00,-160.9936,0,12.63493
17:53:00,-161.1712,0,32.238682
17:54:00,-161.3086,0,27.398713
17:55:00,-161.4457,0,3.290002
17:56:00,-161.542,0,31.589674
17:57:00,-161.6312,0,135.06882
17:58:00,-161.6854,0,1.834547
17:59:00,-161.7234,0,44.471143
18:00:00,-161.7333,0,135.958737
18:01:00,-161.7187,0,67.115767
18:02:00,-161.684,0,57.735741
18:03:00,-161.6172,0,124.849452
18:04:00,-161.5394,0,46.376022
18:05:00,-161.423,0,229.504845
18:06:00,-161.3025,0,14.118496
18:07:00,-161.1405,0,42.512902
18:08:00,-160.9829,0,137.108189
18:09:00,-160.784,0,4.33828
18:10:00,-160.5948,0,48.926163
18:11:00,-160.3628,0,119.699133
18:12:00,-160.1118,0,0.379401
18:13:00,-159.8845,0,14.818742
18:14:00,-159.6138,0,311.949903
18:15:00,-159.3686,0,10.101469
18:16:00,-159.0757,0,17.908282
18:17:00,-158.8173,0,63.355502
18:18:00,-158.5591,0,31.522367
18:19:00,-158.2493,0,123.65549
18:20:00,-157.9793,0,93.950344
18:21:00,-157.6633,0,6.044518
18:22:00,-157.3896,0,128.907107
18:23:00,-157.0709,0,77.4667
18:24:00,-156.8011,0,115.540608
18:25:00,-156.4826,0,280.830251
18:26:00,-156.209,0,159.080813
18:27:00,-155.8977,0,85.43142
18:28:00,-155.6268,0,153.771089
18:29:00,-155.3146,0,136.884591
18:30:00,-155.0526,0,98.645624
18:31:00,-154.7456,0,104.947071
18:32:00,-154.4884,0,211.184612
18:33:00,-154.1876,0,115.490537
18:34:00,-153.9313,0,117.112258
18:35:00,-153.6373,0,74.055596
18:36:00,-153.3916,960,46.212137
18:37:00,-153.1048,2688,122.599734
18:38:00,-152.861,3936,128.294739
18:39:00,-152.5818,4992,159.777749
18:40:00,-152.3488,5760,114.619842
18:41:00,-152.0773,6240,20.643533
18:42:00,-151.8467,6912,65.17226
18:43:00,-151.583,6912,27.223675
18:44:00,-151.3631,7296,224.816919
18:45:00,-151.1072,7680,174.759244
18:46:00,-150.89,7680,84.318982
18:47:00,-150.6419,8352,81.64009
18:48:00,-150.4351,8640,42.150999
18:49:00,-150.1947,8832,95.749164
18:50:00,-149.9908,8832,6.309324
18:51:00,-149.7615,8928,122.888357
18:52:00,-149.5642,9024,112.771542
18:53:00,-149.3389,9120,43.578904
18:54:00,-149.1514,9312,126.647541
18:55:00,-148.9335,9312,34.884787
18:56:00,-148.749,9408,27.019639
18:57:00,-148.5385,9504,0.54686
18:58:00,-148.3634,9504,199.265429
18:59:00,-148.1602,9600,53.078813
19:00:00,-147.9912,9600,121.459747
19:01:00,-147.7951,9600,105.119942
19:02:00,-147.6293,9600,118.62491
19:03:00,-147.4403,9600,13.964738
19:04:00,-147.2834,9600,33.434756
19:05:00,-147.1014,9600,55.712357
19:06:00,-146.9504,9600,109.418413
19:07:00,-146.7753,9600,220.239458
19:08:00,-146.6275,9600,29.998401
19:09:00,-146.4594,9600,31.841223
19:10:00,-146.2974,9600,60.275025
19:11:00,-146.1587,9600,168.400584
19:12:00,-146.001,9600,21.454114
19:13:00,-145.8705,9600,185.525107
19:14:00,-145.7196,9600,152.802811
19:15:00,-145.5947,9600,284.644418
19:16:00,-145.4505,9600,6.543539
19:17:00,-145.3292,9600,1.203418
19:18:00,-145.1917,9600,101.340768
19:19:00,-145.0782,9600,116.423863
19:20:00,-144.9473,9600,77.755595
19:21:00,-144.8394,9600,103.564274
19:22:00,-144.7151,9600,39.47714
19:23:00,-144.6109,9600,66.115213
19:24:00,-144.4933,9600,0.939311
19:25:00,-144.3966,9600,145.45884
19:26:00,-144.2855,9600,21.00487
19:27:00,-144.1927,9600,37.742737
19:28:00,-144.0898,9600,71.606422
19:29:00,-144.0026,9600,8.651482
19:30:00,-143.9047,9600,229.180557
19:31:00,-143.8246,9600,128.41368
19:32:00,-143.7333,9600,115.208981
19:33:00,-143.6574,9600,320.696451
19:34:00,-143.5726,9600,15.782365
19:35:00,-143.5036,9600,132.679931
19:36:00,-143.4253,9600,124.053753
19:37:00,-143.3607,9600,108.754354
19:38:00,-143.2901,9600,13.605678
19:39:00,-143.2311,9600,39.096736
19:40:00,-143.1659,9600,147.215811
19:41:00,-143.1134,9600,50.293579
19:42:00,-143.0547,9600,287.383764
19:43:00,-143.007,9600,14.895015
19:44:00,-142.9556,9600,57.285298
19:45:00,-142.9135,9600,3.438166
19:46:00,-142.8679,9600,13.962027
19:47:00,-142.8314,9600,27.152643
19:48:00,-142.7929,9600,30.910657
19:49:00,-142.762,9600,13.454137
19:50:00,-142.7294,9600,122.936815
19:51:00,-142.7046,9600,70.722656
19:52:00,-142.6786,9600,43.713301
19:53:00,-142.659,9600,53.017077
19:54:00,-142.6397,9600,234.602035
19:55:00,-142.6257,9600,23.519646
19:56:00,-142.6127,9600,31.625399
19:57:00,-142.6045,9600,111.171412
19:58:00,-142.598,9600,96.608858
19:59:00,-142.5952,9600,17.61451
20:00:00,-142.5953,9600,4.354906
20:01:00,-142.5981,9600,257.802553
20:02:00,-142.6047,9600,28.508035
20:03:00,-142.613,9600,34.62416
20:04:00,-142.6261,9600,206.482222
20:05:00,-142.6402,9600,20.368238
20:06:00,-142.6595,9600,134.791148
20:07:00,-142.6792,9600,238.107779
20:08:00,-142.7049,9600,112.348663
20:09:00,-142.7303,9600,179.600914
20:10:00,-142.7629,9600,101.002573
20:11:00,-142.7933,9600,65.869712
20:12:00,-142.8324,9600,48.371559
20:13:00,-142.869,9600,20.288944
20:14:00,-142.914,9600,0.72658
20:15:00,-142.9561,9600,19.294241
20:16:00,-143.0083,9600,125.705295
20:17:00,-143.0553,9600,33.463246
20:18:00,-143.114,9600,28.095774
20:19:00,-143.1674,9600,172.77404
20:20:00,-143.2316,9600,214.076715
20:21:00,-143.2907,9600,71.983322
20:22:00,-143.3624,9600,271.032287
20:23:00,-143.4259,9600,65.980445
20:24:00,-143.5042,9600,54.03367
20:25:00,-143.5745,9600,51.01463
20:26:00,-143.658,9600,37.469227
20:27:00,-143.7339,9600,46.788114
20:28:00,-143.8252,9600,1.182134
20:29:00,-143.9186,9600,73.182347
20:30:00,-144.0032,9600,83.439761
20:31:00,-144.1046,9600,243.833344
20:32:00,-144.1932,9600,99.922677
20:33:00,-144.3011,9600,39.097257
20:34:00,-144.397,9600,110.717078
20:35:00,-144.5097,9600,56.001655
20:36:00,-144.6112,9600,64.19479
20:37:00,-144.7305,9600,236.087827
20:38:00,-144.8376,9600,27.001585
20:39:00,-144.9653,9600,105.767452
20:40:00,-145.0762,9600,72.351854
20:41:00,-145.2105,9600,188.113103
20:42:00,-145.3269,9600,18.712173
20:43:00,-145.4679,9600,51.784218
20:44:00,-145.59,9600,0.484003
20:45:00,-145.7376,9600,0.779818
20:46:00,-145.8676,9600,24.5325
20:47:00,-146.0196,9600,83.961699
20:48:00,-146.1554,9600,30.15736
20:49:00,-146.3165,9600,41.030608
20:50:00,-146.4557,9600,134.631858
20:51:00,-146.6236,9600,16.965058
20:52:00,-146.7712,9600,187.299935
20:53:00,-146.9433,9600,11.029811
20:54:00,-147.0968,9600,33.339855
20:55:00,-147.2757,9600,113.052993
20:56:00,-147.4352,9600,67.656103
20:57:00,-147.6239,9504,34.991791
20:58:00,-147.7865,9408,21.909482
20:59:00,-147.9822,9408,93.506361
21:00:00,-148.1508,9312,265.653751
21:01:00,-148.3536,9120,12.329939
21:02:00,-148.5282,9024,33.874063
21:03:00,-148.7382,9024,0.213759
21:04:00,-148.9223,8928,194.777808
21:05:00,-149.1363,8832,62.621476
21:06:00,-149.3267,8640,29.531359
21:07:00,-149.548,8352,88.756526
21:08:00,-149.7448,8352,47.519439
21:09:00,-149.977,8352,76.703626
21:10:00,-150.1766,7680,30.44049
21:11:00,-150.4163,7296,70.155062
21:12:00,-150.6224,6912,71.226177
21:13:00,-150.8698,6240,45.670377
21:14:00,-151.1212,5760,23.406939
21:15:00,-151.3373,4992,96.580288
21:16:00,-151.5965,3936,26.789481
21:17:00,-151.819,2688,24.717816
21:18:00,-152.0858,960,171.40343
21:19:00,-152.3149,0,227.757096
21:20:00,-152.5893,0,3.225914
21:21:00,-152.829,0,37.889344
21:22:00,-153.1067,0,206.706705
21:23:00,-153.3528,0,188.356273
21:24:00,-153.642,0,7.678983
21:25:00,-153.8898,0,276.324899
21:26:00,-154.1859,0,1.74837
21:27:00,-154.4393,0,1.160204
21:28:00,-154.7418,0,50.880969
21:29:00,-155.0002,0,166.607697
21:30:00,-155.3083,0,83.467405
21:31:00,-155.571,0,53.764727
21:32:00,-155.8835,0,7.170077
21:33:00,-155.9237,0,169.972065
21:34:00,-156.2353,0,59.556986
21:35:00,-156.5091,0,125.859359
21:36:00,-156.8278,0,9.572853
21:37:00,-157.1418,0,194.766155
21:38:00,-157.4164,0,106.927703
21:39:00,-157.7291,0,32.37772
21:40:00,-158.0011,0,28.769717
21:41:00,-158.3093,0,53.535222
21:42:00,-158.5758,0,86.616753
21:43:00,-158.8756,0,74.189695
21:44:00,-159.1329,0,155.343991
21:45:00,-159.4243,0,55.456066
21:46:00,-159.6636,0,17.715045
21:47:00,-159.9324,0,36.627354
21:48:00,-160.1577,0,51.291813
21:49:00,-160.4061,0,60.145308
21:50:00,-160.6074,0,78.897273
21:51:00,-160.8216,0,49.530531
21:52:00,-160.9936,0,12.63493
21:53:00,-161.1712,0,32.238682
21:54:00,-161.3086,0,27.398713
21:55:00,-161.4457,0,3.290002
21:56:00,-161.542,0,31.589674
21:57:00,-161.6312,0,135.06882
21:58:00,-161.6854,0,1.834547
21:59:00,-161.7234,0,44.471143
22:00:00,-161.7333,0,135.958737
22:01:00,-161.7187,0,67.115767
22:02:00,-161.684,0,57.735741
22:03:00,-161.6172,0,124.849452
22:04:00,-161.5394,0,46.376022
22:05:00,-161.423,0,229.504845
22:06:00,-161.3025,0,14.118496
22:07:00,-161.1405,0,42.512902
22:08:00,-160.9829,0,137.108189
22:09:00,-160.784,0,4.33828
22:10:00,-160.5948,0,48.926163
22:11:00,-160.3628,0,119.699133
22:12:00,-160.1118,0,0.379401
22:13:00,-159.8845,0,14.818742
22:14:00,-159.6138,0,311.949903
22:15:00,-159.3686,0,10.101469
22:16:00,-159.0757,0,17.908282
22:17:00,-158.8173,0,63.355502
22:18:00,-158.5591,0,31.522367
22:19:00,-158.2493,0,123.65549
22:20:00,-157.9793,0,93.950344
22:21:00,-157.6633,0,6.044518
22:22:00,-157.3896,0,128.907107
22:23:00,-157.0709,0,77.4667
22:24:00,-156.8011,0,115.540608
22:25:00,-156.4826,0,280.830251
22:26:00,-156.209,0,159.080813
22:27:00,-155.8977,0,85.43142
22:28:00,-155.6268,0,153.771089
22:29:00,-155.3146,0,136.884591
22:30:00,-155.0526,0,98.645624
22:31:00,-154.7456,0,104.947071
22:32:00,-154.4884,0,211.184612
22:33:00,-154.1876,0,115.490537
22:34:00,-153.9313,0,117.112258
22:35:00,-153.6373,0,74.055596
22:36:00,-153.3916,960,46.212137
22:37:00,-153.1048,2688,122.599734
22:38:00,-152.861,3936,128.294739
22:39:00,-152.5818,4992,159.777749
22:40:00,-152.3488,5760,114.619842
22:41:00,-152.0773,6240,20.643533
22:42:00,-151.8467,6912,65.17226
22:43:00,-151.583,6912,27.223675
22:44:00,-151.3631,7296,224.816919
22:45:00,-151.1072,7680,174.759244
22:46:00,-150.89,7680,84.318982
22:47:00,-150.6419,8352,81.64009
22:48:00,-150.4351,8640,42.150999
22:49:00,-150.1947,8832,95.749164
22:50:00,-149.9908,8832,6.309324
22:51:00,-149.7615,8928,122.888357
22:52:00,-149.5642,9024,112.771542
22:53:00,-149.3389,9120,43.578904
22:54:00,-149.1514,9312,126.647541
22:55:00,-148.9335,9312,34.884787
22:56:00,-148.749,9408,27.019639
22:57:00,-148.5385,9504,0.54686
22:58:00,-148.3634,9504,199.265429
22:59:00,-148.1602,9600,53.078813
23:00:00,-147.9912,9600,121.459747
23:01:00,-147.7951,9600,105.119942
23:02:00,-147.6293,9600,118.62491
23:03:00,-147.4403,9600,13.964738
23:04:00,-147.2834,9600,33.434756
23:05:00,-147.1014,9600,55.712357
23:06:00,-146.9504,9600,109.418413
23:07:00,-146.7753,9600,220.239458
23:08:00,-146.6275,9600,29.998401
23:09:00,-146.4594,9600,31.841223
23:10:00,-146.2974,9600,60.275025
23:11:00,-146.1587,9600,168.400584
23:12:00,-146.001,9600,21.454114
23:13:00,-145.8705,9600,185.525107
23:14:00,-145.7196,9600,152.802811
23:15:00,-145.5947,9600,284.644418
23:16:00,-145.4505,9600,6.543539
23:17:00,-145.3292,9600,1.203418
23:18:00,-145.1917,9600,101.340768
23:19:00,-145.0782,9600,116.423863
23:20:00,-144.9473,9600,77.755595
23:21:00,-144.8394,9600,103.564274
23:22:00,-144.7151,9600,39.47714
23:23:00,-144.6109,9600,66.115213
23:24:00,-144.4933,9600,0.939311
23:25:00,-144.3966,9600,145.45884
23:26:00,-144.2855,9600,21.00487
23:27:00,-144.1927,9600,37.742737
23:28:00,-144.0898,9600,71.606422
23:29:00,-144.0026,9600,8.651482
23:30:00,-143.9047,9600,229.180557
23:31:00,-143.8246,9600,128.41368
23:32:00,-143.7333,9600,115.208981
23:33:00,-143.6574,9600,320.696451
23:34:00,-143.5726,9600,15.782365
23:35:00,-143.5036,9600,132.679931
23:36:00,-143.4253,9600,124.053753
23:37:00,-143.3607,9600,108.754354
23:38:00,-143.2901,9600,13.605678
23:39:00,-143.2311,9600,39.096736
23:40:00,-143.1659,9600,147.215811
23:41:00,-143.1134,9600,50.293579
23:42:00,-143.0547,9600,287.383764
23:43:00,-143.007,9600,14.895015
23:44:00,-142.9556,9600,57.285298
23:45:00,-142.9135,9600,3.438166
23:46:00,-142.8679,9600,13.962027
23:47:00,-142.8314,9600,27.152643
23:48:00,-142.7929,9600,30.910657
23:49:00,-142.762,9600,13.454137
23:50:00,-142.7294,9600,122.936815
23:51:00,-142.7046,9600,70.722656
23:52:00,-142.6786,9600,43.713301
23:53:00,-142.659,9600,53.017077
23:54:00,-142.6397,9600,234.602035
23:55:00,-142.6257,9600,23.519646
23:56:00,-142.6127,9600,31.625399
23:57:00,-142.6045,9600,111.171412
23:58:00,-142.598,9600,96.608858
23:59:00,-142.5952,9600,17.61451
